Requirement_1,Requirement_2,Conflict_Type,Conflict_Reason,Expected_Conflict
The bike must reach a top speed of 180 km/h.,The vehicle must achieve 50 km/l fuel efficiency.,Other,"Achieving high top speed often requires a powerful engine, which typically reduces fuel efficiency.",Other
The vehicle must accelerate to 100 km/h in 5 seconds.,The engine must prioritize low fuel consumption.,Other,"Achieving rapid acceleration generally requires more power output, leading to increased fuel consumption, which contradicts the prioritization of low fuel consumption.>",Other
The bike must have a high-performance turbo engine.,The vehicle must maintain 40 mpg efficiency.,Other,Malformed or incomplete output,Other
The vehicle must reach 200 km/h top speed.,The bike must use a lightweight fuel-efficient motor.,Other,"Achieving a high top speed like 200 km/h often requires a more powerful, heavier motor, potentially compromising fuel efficiency and lightweight design.>
Weight Conflict: <Weight Conflict",Other
The bike must deliver 35 HP output.,The vehicle must achieve 60 km/l efficiency.,Other,"Maximizing horsepower often requires sacrificing fuel efficiency, leading to a trade-off between performance and economy.",Other
The vehicle must have a sport-tuned suspension.,The bike must optimize for fuel savings.,Other,"A sport-tuned suspension typically prioritizes handling and performance over fuel efficiency, potentially leading to lower fuel economy.",Other
The bike must reach 150 km/h.,The vehicle must use a low-power eco engine.,Other,"A low-power eco engine may not provide sufficient power to achieve a speed of 150 km/h.
Sustainability Conflict: <Sustainability Conflict>",Other
The vehicle must include a high-RPM engine.,The bike must achieve 45 km/l efficiency.,Other,High-RPM engines typically sacrifice fuel efficiency for increased power output at higher engine speeds.,Other
The bike must have rapid acceleration.,The vehicle must prioritize energy efficiency.,Other,"Rapid acceleration typically requires more energy consumption, conflicting with energy efficiency goals.
Resource Conflict: <Resource Conflict>",Other
The vehicle must reach 120 km/h in 6 seconds.,The bike must maintain high fuel economy.,Other,"Achieving high acceleration often requires a larger engine or more power, which can negatively impact fuel economy.",Other
The vehicle must meet strict emission standards.,The bike must have a high-output engine.,Other,Malformed or incomplete output,Other
The bike must comply with urban noise limits.,The vehicle must feature a loud exhaust system.,Other,Loud exhaust systems generally violate urban noise limits and environmental regulations.,Other
The vehicle must adhere to safety regulations.,The bike must allow manual headlight control.,Other,Malformed or incomplete output,Other
The bike must meet EU crash test standards.,The vehicle must use lightweight materials.,Other,"<Using lightweight materials can sometimes compromise structural integrity and thus potentially fail to meet EU crash test standards, which prioritize safety.>
Structural Conflict: <Structural Conflict>",Other
The vehicle must follow emissions Tier 4.,The bike must prioritize performance tuning.,Other,"Prioritizing performance tuning can lead to increased emissions, potentially violating Tier 4 emission standards.

Conflict_Type: Regulatory Conflict",Other
The bike must have always-on daytime lights.,The vehicle must allow light customization.,Other,"Requirements are compatible"" if no conflict exists.
    """"""

    if ""always-on daytime lights"" in req1 and ""light customization"" in req2:
        return ""Usability Conflict: <usability>",Other
The vehicle must comply with noise restrictions.,The bike must have a sporty sound profile.,Other,"Noise restrictions may contradict a sporty sound profile, potentially violating regulations.**
**Conflict_Type: Compliance Conflict",Other
The bike must meet regional safety codes.,The vehicle must use minimal safety features.,Other,"Meeting regional safety codes often mandates specific safety features, conflicting with the desire to minimize them.
Safety Conflict: <Safety Conflict>",Other
The vehicle must follow EPA standards.,The bike must use a high-power gas engine.,Other,"High-power gas engines often struggle to meet strict EPA emission standards due to increased pollutants.
Compliance Conflict: <Compliance Conflict>",Other
The bike must adhere to lighting laws.,The vehicle must offer switchable lights.,Other,Malformed or incomplete output,Other
The vehicle must include side-impact airbags.,The bike must weigh under 130 kg.,Other,"Adding side-impact airbags to a motorcycle would likely increase its weight, potentially exceeding the 130 kg limit and compromising handling and safety.
Weight Conflict: <Weight Conflict>",Other
The bike must have ABS brakes.,The vehicle must be ultra-lightweight.,Other,"ABS systems, while enhancing safety, inevitably add weight to a vehicle.**",Other
The vehicle must feature a roll cage.,The bike must maintain a slim profile.,Other,"A roll cage adds significant bulk, contradicting the need for a slim profile.>
Aesthetic Conflict: <Aesthetic Conflict",Other
The bike must include a crash sensor system.,The vehicle must minimize weight.,Other,"Crash sensor systems typically add weight to the vehicle, conflicting with the need to minimize weight for performance or efficiency.
Performance Conflict: <Weight Conflict>",Other
The vehicle must have reinforced bumpers.,The bike must be compact.,Other,Requirements are compatible,Other
The bike must use a sturdy steel frame.,The vehicle must weigh under 140 kg.,Other,"<Using a sturdy steel frame can make it difficult to keep the bike's weight under 140 kg, as steel is generally heavier than other frame materials like aluminum or carbon fiber.>",Other
The vehicle must include emergency braking.,The bike must prioritize low weight.,Other,"Emergency braking systems typically add weight to a vehicle which can conflict with the goal of safety.
Weight Conflict: <Weight Conflict>",Other
The bike must have a helmet lock system.,The vehicle must avoid added components.,Other,"A helmet lock system is typically an added component, conflicting with the requirement to avoid them.",Other
The vehicle must feature a stability control.,The bike must be lightweight.,Other,Malformed or incomplete output,Other
The bike must include a tire pressure monitor.,The vehicle must reduce mass.,Other,Malformed or incomplete output,Other
"The bike must cost under $1,200.",The vehicle must include a digital dashboard.,Other,"Incorporating a digital dashboard into a bike may increase its cost, potentially exceeding the $1,200 budget.
Technology Conflict: <Technology Conflict>",Other
The vehicle must use premium alloy wheels.,"The bike must stay under $2,000.",Other,Malformed or incomplete output,Other
The bike must have a luxury paint finish.,The vehicle must be budget-friendly.,Other,"Luxury paint finishes typically increase the cost of a vehicle, conflicting with a budget-friendly requirement.**",Other
The vehicle must include adaptive headlights.,"The bike must cost below $1,500.",Other,"Adaptive headlights are typically expensive features that are unlikely to be found on a bike costing less than $1,500.",Other
The bike must use high-end shock absorbers.,The vehicle must be low-cost.,Other,"High-end shock absorbers are generally expensive, directly conflicting with the requirement of low cost.",Other
The vehicle must have a custom exhaust.,"The bike must stay under $1,800.",Other,"Custom exhausts can be expensive and might push the total cost over $1,800.""

Or, if I determine there's no conflict:

""No Conflict",Other
The bike must include a leather seat.,The vehicle must be affordable.,Other,"Leather seats can significantly increase the cost of a bike, making it less affordable.",Other
The vehicle must feature a premium sound system.,"The bike must cost under $2,500.",Other,"<reason>"" or ""No Conflict",Other
The bike must have a titanium frame.,The vehicle must minimize production costs.,Other,Titanium frames are generally more expensive to produce than frames made from other materials like steel or aluminum.,Other
The vehicle must include a navigation system.,"The bike must be priced under $1,000.",Other,"A navigation system can add significant cost to a vehicle, potentially making it difficult to keep the bike's price under $1,000.",Other
The vehicle must have a 350 km electric range.,The bike must use a small battery pack.,Other,A small battery pack may not provide the necessary energy density to achieve a 350 km range for the vehicle.>,Other
The bike must charge to 80% in 20 minutes.,The vehicle must use a lightweight battery.,Other,"Lightweight batteries may not have the capacity or chemical composition to achieve 80% charge in 20 minutes without compromising lifespan or safety.
```",Other
The vehicle must include a high-capacity battery.,The bike must fit a compact design.,Other,Malformed or incomplete output,Other
The bike must offer 400 km range.,The vehicle must minimize battery size.,Other,Malformed or incomplete output,Other
The vehicle must support fast charging.,The bike must use a slim battery.,Other,Malformed or incomplete output,Other
The bike must have a 300 km range.,The vehicle must reduce battery weight.,Other,"Achieving a long range typically requires a larger, heavier battery, directly conflicting with the need to reduce battery weight.
Weight Conflict: <Weight>",Other
The vehicle must use a long-life battery.,The bike must have a small footprint.,Other,"A long-life battery may require a larger size and weight, which contradicts the requirement for a small footprint on a bike, as space is limited.""
    else:
        return ""No Conflict",Other
The bike must include a swappable battery.,The vehicle must limit battery space.,Other,"Swappable batteries typically require more space for accessibility and securing the battery, conflicting with limiting battery space.",Other
The vehicle must offer 250 km range.,The bike must use a minimal battery.,Other,"Achieving a 250 km range necessitates significant battery capacity, conflicting with the requirement for a minimal battery.
Performance Conflict: <Contradiction>",Other
The bike must charge in 15 minutes.,The vehicle must have a compact battery.,Other,"<reason>"" or ""No Conflict",Other
The vehicle must use eco-friendly materials.,The bike must have a 40 HP engine.,Other,"Manufacturing a 40 HP engine, even for a bike, may have an environmental impact conflicting with the requirement for eco-friendly materials due to resource consumption and emissions.
Performance Conflict: <Technology Conflict>",Other
The bike must minimize carbon emissions.,The vehicle must use a high-performance motor.,Other,"<reason>"" or ""No Conflict",Other
The vehicle must be fully recyclable.,The bike must include a powerful gas engine.,Other,"Gas engines contribute to pollution and are not environmentally friendly, conflicting with full recyclability.",Other
The bike must meet green certification.,The vehicle must prioritize speed.,Other,"Prioritizing speed often involves designs and materials that are less environmentally friendly and harder to recycle, contradicting green certification requirements.
Performance Conflict: <Resource Conflict>",Other
The vehicle must reduce emissions.,The bike must have a turbocharged engine.,Other,Malformed or incomplete output,Other
The bike must use biodegradable plastics.,The vehicle must deliver 35 HP.,Other,"Biodegradable plastics may not be strong or durable enough to reliably deliver 35 HP in a bike, potentially leading to premature degradation or failure under stress, impacting the environment negatively in the long run.
Performance Conflict: <Performance Conflict>",Other
The vehicle must follow eco standards.,The bike must use a loud exhaust.,Other,"Loud exhausts typically violate eco standards by increasing noise and air pollution.
Compliance Conflict: Compliance Conflict",Other
The bike must have zero-emission tech.,The vehicle must prioritize power output.,Other,Malformed or incomplete output,Other
The vehicle must use sustainable fuel.,The bike must reach 180 km/h.,Other,"Achieving 180 km/h on a bike may require a powerful engine that is difficult to power with sustainable fuels, potentially impacting performance.",Other
The bike must minimize environmental impact.,The vehicle must have a 30 HP engine.,Other,"A 30 HP engine, especially if it's an internal combustion engine, inherently contributes to environmental impact through emissions and resource consumption, potentially contradicting the minimization of environmental impact.",Other
The vehicle must use a rigid aluminum frame.,The bike must weigh under 120 kg.,Other,"A rigid aluminum frame might require more material to achieve the necessary stiffness, potentially exceeding the 120 kg weight limit.",Other
The bike must have a reinforced chassis.,The vehicle must be lightweight.,Other,"Reinforcing a chassis typically adds weight, directly opposing the requirement for the vehicle to be lightweight.
Structural Conflict: <Structural Conflict>",Other
The vehicle must include a steel roll bar.,The bike must stay under 110 kg.,Other,"A steel roll bar adds weight to the bike, which might violate the weight constraint.**

**Safety Conflict: A roll bar is a safety addition, while limiting the bike's weight might compromise the effectiveness of the roll bar or other safety features.",Other
The bike must use a durable composite body.,The vehicle must reduce weight.,Other,Malformed or incomplete output,Other
The vehicle must have a solid frame design.,The bike must weigh under 130 kg.,Other,Malformed or incomplete output,Other
The bike must include a heavy-duty chassis.,The vehicle must be light.,Other,"A heavy-duty chassis typically adds significant weight, conflicting with the requirement for the vehicle to be light.",Other
The vehicle must use a thick steel structure.,The bike must minimize weight.,Other,Malformed or incomplete output,Other
The bike must have a robust frame.,The vehicle must weigh under 140 kg.,Other,Malformed or incomplete output,Other
The vehicle must include a reinforced body.,The bike must be ultra-light.,Other,"Inference failed: Request error - HTTPSConnectionPool(host='generativelanguage.googleapis.com', port=443): Read timed out. (read timeout=10)",Other
The bike must use a strong alloy frame.,The vehicle must stay under 150 kg.,Other,"A strong alloy frame might necessitate a certain amount of material, potentially making it difficult to stay under the 150 kg weight limit.",Other
The vehicle must have adjustable cushioned seats.,The bike must minimize power usage.,Other,"Adjustable cushioned seats add weight to the bike, increasing the power required by the cyclist.
Performance Conflict: <Performance Conflict>",Other
The bike must include a climate-controlled cabin.,The vehicle must reduce energy draw.,Other,"A climate-controlled cabin typically requires significant energy to operate, potentially increasing energy draw.**",Other
The vehicle must offer a plush interior.,The bike must use a low-power system.,Other,Malformed or incomplete output,Other
The bike must have ergonomic handlebars.,The vehicle must avoid extra power needs.,Other,"Requirements are compatible**

**Reason:** Ergonomic handlebars do not inherently require extra power.",Other
The vehicle must include a heated steering wheel.,The bike must conserve battery.,Other,"A heated steering wheel in a battery-powered bike consumes significant battery power, directly opposing the battery conservation goal.**",Other
The bike must offer a soft suspension.,The vehicle must limit energy use.,Other,"Soft suspension can increase energy consumption due to increased friction and energy absorption during compression/rebound.
Weight Conflict: <Weight>",Other
The vehicle must have luxury upholstery.,The bike must reduce power consumption.,Other,Requirements are compatible,Other
The bike must include padded grips.,The vehicle must optimize efficiency.,Other,"Padded grips add weight, which can slightly reduce the overall efficiency of the vehicle (bicycle).

Conflict_Type: Cost Conflict",Other
The vehicle must offer a quiet ride.,The bike must minimize electrical load.,Other,"Minimizing electrical load might require using noisier components or systems to avoid electrical demand, compromising a quiet ride.
Performance Conflict: <type>",Other
The bike must have a reclining seat.,The vehicle must save energy.,Other,"Reclining seats may increase aerodynamic drag, requiring more energy to maintain speed.
    Performance Conflict: <type>",Other
The vehicle must use a diesel engine.,The bike must have a 200 km electric range.,Other,"A diesel engine and electric motor powering a 200km range bike represent fundamentally different and incompatible power source technologies.>
Compatibility Conflict: <Compatibility Conflict",Other
The bike must be fully electric.,The vehicle must use a gasoline motor.,Other,Malformed or incomplete output,Other
The vehicle must run on hybrid power.,The bike must be purely gas-powered.,Other,"Requirements are compatible"".

I'm waiting for you to upload the file. Once uploaded, I will execute the analysis and provide the output.",Other
The bike must use a fuel cell system.,The vehicle must rely on a petrol engine.,Other,"A fuel cell system and a petrol engine are mutually exclusive power sources for a vehicle.
```",Other
The vehicle must have an electric motor.,The bike must use diesel fuel.,Other,"An electric motor requires electricity to operate, while diesel fuel powers internal combustion engines; these are mutually exclusive power sources.",Other
The bike must run on battery power.,The vehicle must use a combustion engine.,Other,"A battery-powered vehicle and a combustion engine vehicle use fundamentally different power sources, making them mutually exclusive.
Conflict_Type: Power Source Conflict",Other
The vehicle must be hydrogen-powered.,The bike must use gasoline.,Other,Malformed or incomplete output,Other
The bike must have a plug-in electric system.,The vehicle must use a diesel motor.,Other,"A plug-in electric system uses electricity for power, while a diesel motor uses diesel fuel, making them incompatible power sources for the same vehicle.
```",Other
The vehicle must use a dual-fuel system.,The bike must be electric-only.,Other,"A dual-fuel system requires both fuel and potentially electricity/hybrid while electric-only mandates only electric power, presenting incompatible power source requirements.

Contradiction: <Contradiction>",Other
The bike must rely on solar charging.,The vehicle must use a gas engine.,Other,"A gas engine requires gasoline, while solar charging implies an electric motor powered by solar energy, making the power sources incompatible.
Conflict_Type: Environmental Conflict",Other
The vehicle must offer a 7-year warranty.,The bike must use cheap plastic parts.,Other,Malformed or incomplete output,Other
The bike must last 15 years.,The vehicle must use low-durability materials.,Other,"Low-durability materials are unlikely to withstand usage for 15 years, impacting reliability, structure, performance, maintenance needs, replacement costs, and sustainable use, making it contradictory.",Other
The vehicle must have a robust engine.,The bike must use disposable components.,Other,"A robust engine implies durability and long lifespan, while disposable components inherently contradict sustainability principles.
Maintenance Conflict: <Maintenance Conflict>",Other
"The bike must ensure 100,000 km lifespan.",The vehicle must cut material costs.,Other,"Achieving a 100,000 km lifespan might necessitate using higher-quality, more durable, and therefore more expensive materials, directly conflicting with the goal of reducing material costs.
Performance Conflict: <Performance Conflict>",Other
The vehicle must be highly durable.,"The bike must use lightweight, weak parts.",Other,"High durability requires strong parts, while lightweight and weak parts imply low durability, creating a contradiction in structural integrity.
Conflict_Type: Performance Conflict",Other
The bike must have a reliable battery.,The vehicle must use low-cost cells.,Other,"<reason>"" or ""No Conflict",Other
The vehicle must withstand harsh conditions.,The bike must use budget materials.,Other,"Harsh conditions typically require durable, high-quality, and expensive materials, contradicting the use of budget materials.
Structural Conflict: <Structural Conflict>",Other
The bike must offer long-term reliability.,The vehicle must reduce part quality.,Other,Malformed or incomplete output,Other
The vehicle must have a 5-year guarantee.,The bike must use short-life plastics.,Other,"Short-life plastics contradict the longevity implied by a 5-year guarantee, raising sustainability concerns.>

Other Conflict: <Conflict_Type: Other Conflict",Other
The bike must ensure engine longevity.,The vehicle must use low-grade steel.,Other,Malformed or incomplete output,Other
The vehicle must support multiple configurations.,The bike must weigh under 110 kg.,Other,"Supporting multiple configurations might require additional components or features, potentially increasing the weight of the bike and making it difficult to meet the 110 kg weight limit.**",Other
The bike must allow modular upgrades.,The vehicle must be ultra-light.,Other,"Adding modular upgrade capabilities often requires additional materials and mechanisms, increasing the overall weight of the bike, which clashes with the ultra-light requirement.
Structural Conflict: <type>",Other
The vehicle must offer expandable features.,The bike must minimize weight.,Other,"Adding expandable features to a bike typically increases its weight, directly conflicting with the requirement to minimize weight.
Resource Conflict: <Resource Conflict>",Other
The bike must support add-on accessories.,The vehicle must stay under 120 kg.,Other,"Adding accessories could increase the bike's weight, potentially exceeding the 120 kg limit.",Other
The vehicle must have a scalable platform.,The bike must reduce mass.,Other,Malformed or incomplete output,Other
The bike must allow future expansions.,The vehicle must be lightweight.,Other,"Adding expansion capabilities often requires more material and components, increasing the overall weight and potentially conflicting with the lightweight requirement.",Other
The vehicle must support variant designs.,The bike must weigh under 130 kg.,Other,Malformed or incomplete output,Other
The bike must have a flexible chassis.,The vehicle must limit weight.,Other,Malformed or incomplete output,Other
The vehicle must offer upgrade options.,The bike must stay under 140 kg.,Other,"Adding upgrade options to the bike may increase its weight, potentially exceeding the 140 kg limit.",Other
The bike must support scalability.,The vehicle must be compact.,Other,Scaling up bike components or features might increase the overall size and compromise compactness.**,Other
The vehicle must have a GPS tracking system.,The bike must use a basic lock.,Other,"A basic lock offers limited security compared to the advanced tracking capability of a GPS system, creating a disparity in security measures that could be exploited.",Other
The bike must include an alarm system.,The vehicle must avoid electronics.,Other,Malformed or incomplete output,Other
The vehicle must use a smart key.,The bike must have a manual ignition.,Other,<A smart key system and a manual ignition system are mutually exclusive; a vehicle cannot have both simultaneously.>,Other
The bike must feature remote locking.,The vehicle must use a simple key.,Other,"Remote locking typically requires electronic components and may not be easily compatible with a simple key-based system, leading to potential incompatibility in implementation.**",Other
The vehicle must have an anti-theft device.,The bike must minimize tech.,Other,Malformed or incomplete output,Other
The bike must use a fingerprint scanner.,The vehicle must be low-tech.,Other,"A fingerprint scanner is a relatively high-tech component, conflicting with the requirement for the vehicle to be low-tech.
```",Other
The vehicle must include a security camera.,The bike must avoid complexity.,Other,Malformed or incomplete output,Other
The bike must have a theft alert system.,The vehicle must use basic security.,Other,A theft alert system provides a specific level of security that may exceed or contradict what is considered 'basic security' for all vehicles.,Other
The vehicle must feature a coded lock.,The bike must use a standard key.,Other,"A coded lock and a standard key are fundamentally different locking mechanisms, presenting a contradictory requirement for similar types of vehicles.",Other
The bike must include a tracking chip.,The vehicle must be simple.,Other,"<reason>
```
or
```
No Conflict",Other
The vehicle must have an intuitive voice control.,The bike must use manual controls only.,Other,"Voice control implies automated input, directly contradicting the requirement for manual controls only on the bike, assuming ""the vehicle"" refers to the bike.

**Important Considerations:**

The core conflict hinges on the interpretation of ""the vehicle"". If ""the vehicle"" and ""the bike"" refer to the same thing, then it is a clear contradiction. The analysis above assumes this is the case. If they refer to separate items, then there is no conflict.",Other
The bike must feature a digital interface.,The vehicle must be mechanically simple.,Other,"Digital interfaces require electronic components and software, increasing complexity and potentially contradicting mechanical simplicity.**
**Maintenance Conflict: <Maintenance>",Other
The vehicle must offer a heads-up display.,The bike must avoid screens.,Other,"A heads-up display necessarily involves a screen, which contradicts the requirement to avoid screens on the bike.",Other
The bike must have automated gear shifting.,The vehicle must use a manual system.,Other,Automated gear shifting and a manual system are mutually exclusive control mechanisms for a vehicle's gears.,Other
The vehicle must include a touch panel.,The bike must prioritize simplicity.,Other,Malformed or incomplete output,Other
The bike must offer a smart dashboard.,The vehicle must use analog gauges.,Other,"A smart dashboard typically uses digital displays, which directly contradicts the use of analog gauges.
Technology Conflict: <technology>",Other
The vehicle must have a user-friendly app.,The bike must avoid connectivity.,Other,"A user-friendly app typically requires connectivity to communicate with the vehicle.
Conflict_Type: Contradiction",Other
The bike must include a navigation screen.,The vehicle must be basic.,Other,Malformed or incomplete output,Other
The vehicle must feature auto-adjust seats.,The bike must use fixed seating.,Other,Malformed or incomplete output,Other
The bike must have a customizable UI.,The vehicle must stay simple.,Other,"A customizable UI can add complexity to the bike, potentially conflicting with the requirement to keep the vehicle simple.",Other
"The vehicle must need service every 25,000 km.",The bike must use a high-maintenance engine.,Other,"Frequent maintenance (high-maintenance engine on the bike) may contradict the longer service interval requirement (25,000km) specified for the vehicle, creating a difference in maintenance needs and expectations between the two items.",Other
The bike must have a self-repairing tire system.,The vehicle must require frequent checks.,Other,"A self-repairing tire system is designed to minimize maintenance, while frequent checks suggest a higher level of required maintenance, creating a conflict.",Other
The vehicle must last 5 years without service.,The bike must use a complex motor.,Other,"A complex motor typically requires regular maintenance, making it difficult to guarantee 5 years of service without any maintenance.",Other
The bike must need minimal upkeep.,The vehicle must include intricate parts.,Other,"Intricate parts generally require more maintenance and are more prone to failure, conflicting with minimal upkeep.",Other
The vehicle must have a low-maintenance design.,The bike must use a hybrid system.,Other,"Hybrid systems typically involve more complex components (engine, electric motor, battery) requiring more maintenance than simpler, non-hybrid designs.",Other
"The bike must require service every 30,000 km.",The vehicle must have a delicate engine.,Other,"A delicate engine might require more frequent checks and maintenance than a 30,000 km service interval allows, potentially leading to engine damage and negating the benefit of a long service interval.**",Other
The vehicle must avoid regular maintenance.,The bike must use high-wear components.,Other,"<reason>**

Where `<type>` will be either ""Maintenance Conflict"" (since it is the main identified conflict, and will be most relevant) or one of the other types if there are relevant conflicting consequences (e.g. Cost, Reliability, Performance, etc.).
And `<reason>` will be a concise one-line explanation of why the conflict exists.

For example, if the file is uploaded and analyzed, the output might be:

**Maintenance Conflict: Maintenance Conflict",Other
The bike must have a durable finish.,The vehicle must need constant care.,Other,"<A durable finish minimizes maintenance needs, while constant care requires frequent maintenance, leading to conflicting maintenance goals.>",Other
The vehicle must use long-life parts.,The bike must require frequent repairs.,Other,"Long-life parts minimize the need for maintenance, while frequent repairs imply high maintenance requirements.
Conflict_Type: Reliability Conflict",Other
The bike must minimize service needs.,The vehicle must use fragile tech.,Other,"Fragile technology inherently increases the likelihood and frequency of service needs, conflicting with minimizing service.>",Other
The vehicle must weigh under 110 kg.,The bike must include a heavy battery.,Other,"A heavy battery will likely increase the vehicle's weight, potentially exceeding the 110 kg limit.
Resource Conflict: <Resource Conflict>",Other
The bike must stay under 120 kg.,The vehicle must use a steel frame.,Other,Malformed or incomplete output,Other
The vehicle must be ultra-light at 100 kg.,The bike must have a large fuel tank.,Other,"A large fuel tank typically adds significant weight, making it difficult to achieve an ultra-light design of 100 kg.",Other
The bike must weigh under 130 kg.,The vehicle must include a robust chassis.,Other,Malformed or incomplete output,Other
The vehicle must minimize weight to 140 kg.,The bike must use a heavy motor.,Other,"A heavy motor will likely increase the overall weight of the vehicle, making it difficult to minimize weight to 140 kg.
```",Other
The bike must be under 150 kg.,The vehicle must have a reinforced body.,Other,Malformed or incomplete output,Other
The vehicle must weigh under 115 kg.,The bike must include extra storage.,Other,"Adding extra storage to a bike may increase its weight, potentially exceeding the 115 kg weight limit.",Other
The bike must stay light at 125 kg.,The vehicle must use a solid frame.,Other,"A solid frame can significantly add weight to the bike, making it challenging to meet the 125 kg weight limit.
Structural Conflict: <Structural Conflict>",Other
The vehicle must be under 135 kg.,The bike must have a big battery.,Other,"A big battery typically adds significant weight, potentially making it difficult to keep the vehicle under 135 kg.
Battery Conflict: <Battery Conflict>",Other
The bike must weigh under 145 kg.,The vehicle must include a heavy suspension.,Other,"A heavy suspension system often adds significant weight, making it challenging to keep the bike under 145 kg.",Other
The vehicle must launch in 4 months.,The bike must pass rigorous testing.,Other,"Rigorous testing might take longer than the 4-month launch window allows, leading to a conflict between product quality and meeting the deadline.",Other
The bike must be ready in 6 months.,The vehicle must meet new safety laws.,Other,"Rushing the bike development to meet the 6-month deadline might compromise the ability to fully comply with all the new safety laws.
Regulatory Conflict: <Regulatory Conflict>",Other
The vehicle must hit the market in 8 months.,The bike must undergo long trials.,Other,Long trials might delay the market release beyond the 8-month deadline.**,Other
The bike must launch in 5 months.,The vehicle must certify emissions.,Other,"Emissions certification can be a lengthy process, potentially delaying the bike's launch within the specified 5-month timeframe.""
    else:
        return ""No Conflict",Other
The vehicle must be out in 7 months.,The bike must complete durability tests.,Other,"Developing and testing a vehicle in 7 months could conflict with the time required to properly conduct thorough durability tests on a bike.
Resource Conflict: <Resource Conflict>",Other
The bike must launch in 9 months.,The vehicle must pass crash tests.,Other,"Crash tests require time for design, testing, and potential redesigns, which could delay the 9-month launch timeline.
Time-to-Market Conflict: <Time-to-Market Conflict>",Other
The vehicle must be ready in 3 months.,The bike must meet strict standards.,Other,"The strict standards for the bike may necessitate extensive testing or redesigns, potentially exceeding the 3-month vehicle delivery deadline.
Resource Conflict: <type>",Other
The bike must hit stores in 10 months.,The vehicle must finish R&D.,Other,"R&D completion is a prerequisite for production and launch, and if it's not completed promptly, it will delay the bike hitting stores.**

**Resource Conflict: If R&D for the vehicle requires significant resources, it may divert resources from the production and launch efforts needed to get the bike to stores in 10 months.",Other
The vehicle must launch in 12 months.,The bike must pass global regs.,Other,"Passing global regulations for a bike might take longer than 12 months, potentially delaying the vehicle launch.
Regulatory Conflict: <Regulatory Conflict>",Other
The bike must be out in 11 months.,The vehicle must test extensively.,Other,Malformed or incomplete output,Other
The vehicle must use USB-C charging.,The bike must support legacy ports.,Other,"USB-C and legacy ports are different connector types, and requiring both on the same charging system creates compatibility challenges without further clarification.
Design Conflict: <Design Conflict>",Other
The bike must integrate with Android Auto.,The vehicle must use iOS only.,Other,"Android Auto and iOS are competing operating systems and technologies, making integration of both simultaneously highly unlikely or impossible within the same vehicle platform.
Contradiction: <Contradiction>",Other
The vehicle must support universal tires.,The bike must use custom wheels.,Other,Malformed or incomplete output,Other
The bike must use a standard battery.,The vehicle must have a unique pack.,Other,"A standard battery implies a common, pre-defined battery, whereas a unique pack implies a custom or specifically designed battery, which directly contradicts the ""standard"" definition.",Other
The vehicle must work with old accessories.,The bike must use new tech.,Other,Malformed or incomplete output,Other
The bike must support Bluetooth 5.0.,The vehicle must use Bluetooth 4.0.,Other,"Bluetooth 5.0 and 4.0 have differing communication protocols and might not be fully compatible, causing connectivity issues or limiting functionality when the bike and vehicle need to interact.",Other
The vehicle must use a common charger.,The bike must have a proprietary plug.,Other,"<A common charger is not compatible with a proprietary plug, creating incompatibility.>
Design Conflict: <Design Conflict>",Other
The bike must fit standard racks.,The vehicle must use custom mounts.,Other,"If the bike needs to be transported by the vehicle using a custom mount, it might not be possible for the bike to also fit standard racks, as the custom mount might alter the bike's geometry or add parts that interfere with standard rack compatibility.",Other
The vehicle must support open-source software.,The bike must use closed systems.,Other,"Open-source software promotes interoperability and modification, while closed systems restrict these aspects, creating a technological disagreement.**
*   **Conflict_Type: Design Conflict",Other
The bike must use universal connectors.,The vehicle must have unique ports.,Other,"If the bike uses universal connectors, it contradicts the vehicle's requirement for unique ports if the bike needs to connect to the vehicle.",Other
The vehicle must have a sleek modern look.,The bike must use a boxy frame.,Other,"A sleek modern look typically avoids boxy designs, creating a clash in visual styles.
Design Conflict: <Design Conflict>",Other
The bike must feature a vintage style.,The vehicle must be aerodynamic.,Other,"<reason>"" or ""No Conflict",Other
The vehicle must use sharp angular lines.,The bike must have a rounded design.,Other,"Sharp angular lines and rounded designs are mutually exclusive aesthetic choices.
Design Conflict: <Structural Conflict>",Other
The bike must have a minimalist look.,The vehicle must include ornate details.,Other,"A minimalist look emphasizes simplicity and lack of decoration, while ornate details involve elaborate embellishments, creating opposing aesthetic goals.",Other
The vehicle must feature a retro finish.,The bike must optimize airflow.,Other,Malformed or incomplete output,Other
The bike must use a bold color scheme.,The vehicle must be subtle.,Other,A bold color scheme clashes with the idea of something being subtle in visual appeal.**,Other
The vehicle must have a futuristic design.,The bike must look classic.,Other,Malformed or incomplete output,Other
The bike must feature chrome accents.,The vehicle must be streamlined.,Other,"Excessive chrome can disrupt a streamlined aesthetic by adding visual clutter and weight.**
**Weight Conflict: <Weight Conflict>",Other
The vehicle must use a matte finish.,The bike must have glossy paint.,Other,"Matte and glossy finishes are aesthetically different, potentially clashing if the vehicle and bike are intended to be perceived as a unified aesthetic or part of the same design.

Design Conflict: <Design Conflict>",Other
The bike must have a rugged aesthetic.,The vehicle must be sleek.,Other,"Rugged aesthetics and sleek design are visually contradictory styles.
Contradiction: <Contradiction>",Other
The vehicle must have a quiet electric motor.,The bike must produce a loud roar.,Other,Malformed or incomplete output,Other
The bike must meet silent operation standards.,The vehicle must have a sport exhaust.,Other,"Sport exhausts are designed to increase engine noise, directly contradicting the requirement for silent operation.
Performance Conflict: <Performance Conflict>",Other
The vehicle must reduce noise to 50 dB.,The bike must sound aggressive.,Other,"<reason>"" or ""No Conflict",Other
The bike must operate silently.,The vehicle must use a noisy engine.,Other,"Operating silently directly contradicts the requirement to use a noisy engine, as noise levels are diametrically opposed.**",Other
The vehicle must comply with 60 dB limits.,The bike must have a bold sound.,Other,"<reason>"" or ""No Conflict",Other
The bike must be noise-free.,The vehicle must feature a loud muffler.,Other,"A noise-free bike and a vehicle with a loud muffler are mutually exclusive, creating a direct logical contradiction.**",Other
The vehicle must minimize sound output.,The bike must enhance exhaust noise.,Other,"Minimizing sound output and enhancing exhaust noise are directly opposing goals, especially when applied to vehicles in general.",Other
The bike must stay under 55 dB.,The vehicle must sound powerful.,Other,"A powerful sound is often associated with higher decibel levels, conflicting with the requirement for low noise.
Noise Conflict: <Noise Conflict>",Other
The vehicle must use a silent system.,The bike must have a deep tone.,Other,A silent system inherently contradicts the creation of a deep tone.,Other
The bike must meet quiet zone rules.,The vehicle must amplify sound.,Other,<A bike designed to meet quiet zone rules would inherently conflict with a vehicle designed to amplify sound.>**,Other
The vehicle must include a unique logo.,The bike must reduce branding costs.,Other,Malformed or incomplete output,Other
The bike must offer custom decals.,The vehicle must keep production simple.,Other,"Custom decals add complexity to the production process, increasing material and labor costs.
*   **Conflict Type:** Time-to-Market Conflict",Other
The vehicle must have a special edition trim.,The bike must stay low-cost.,Other,"Special edition trims typically increase the vehicle's cost, conflicting with the requirement to keep the bike low-cost.**",Other
The bike must include a rare feature.,The vehicle must avoid extras.,Other,"<reason>"" or ""No Conflict",Other
The vehicle must use a distinct color.,The bike must use standard paint.,Other,Malformed or incomplete output,Other
The bike must have a limited-run design.,The vehicle must be mass-produced.,Other,"A limited-run design inherently conflicts with mass production because mass production aims for a large quantity of identical items, while a limited run restricts the quantity produced.",Other
The vehicle must offer a niche accessory.,The bike must cut costs.,Other,"A niche accessory typically increases cost, directly opposing the requirement to cut costs.",Other
The bike must include a bespoke part.,The vehicle must simplify assembly.,Other,"Bespoke parts often increase cost, conflicting with simplified assembly aiming for cost reduction.
Conflict_Type: Time-to-Market Conflict",Other
The vehicle must have a custom interior.,The bike must reduce expenses.,Other,"A custom interior for a vehicle typically increases expenses, conflicting with the requirement to reduce expenses with a bike.**",Other
The bike must feature a signature look.,The vehicle must be generic.,Other,"A ""signature look"" implies a distinct and recognizable aesthetic, which clashes with the concept of a ""generic"" vehicle lacking unique characteristics.",Other
