Requirement_1,Requirement_2,Conflict_Type
The bike must reach a top speed of 180 km/h.,The vehicle must achieve 50 km/l fuel efficiency.,Performance Conflict
The vehicle must accelerate to 100 km/h in 5 seconds.,The engine must prioritize low fuel consumption.,Performance Conflict
The bike must have a high-performance turbo engine.,The vehicle must maintain 40 mpg efficiency.,Performance Conflict
The vehicle must reach 200 km/h top speed.,The bike must use a lightweight fuel-efficient motor.,Performance Conflict
The bike must deliver 35 HP output.,The vehicle must achieve 60 km/l efficiency.,Performance Conflict
The vehicle must have a sport-tuned suspension.,The bike must optimize for fuel savings.,Performance Conflict
The bike must reach 150 km/h.,The vehicle must use a low-power eco engine.,Performance Conflict
The vehicle must include a high-RPM engine.,The bike must achieve 45 km/l efficiency.,Performance Conflict
The bike must have rapid acceleration.,The vehicle must prioritize energy efficiency.,Performance Conflict
The vehicle must reach 120 km/h in 6 seconds.,The bike must maintain high fuel economy.,Performance Conflict
The vehicle must meet strict emission standards.,The bike must have a high-output engine.,Compliance Conflict
The bike must comply with urban noise limits.,The vehicle must feature a loud exhaust system.,Compliance Conflict
The vehicle must adhere to safety regulations.,The bike must allow manual headlight control.,Compliance Conflict
The bike must meet EU crash test standards.,The vehicle must use lightweight materials.,Compliance Conflict
The vehicle must follow emissions Tier 4.,The bike must prioritize performance tuning.,Compliance Conflict
The bike must have always-on daytime lights.,The vehicle must allow light customization.,Compliance Conflict
The vehicle must comply with noise restrictions.,The bike must have a sporty sound profile.,Compliance Conflict
The bike must meet regional safety codes.,The vehicle must use minimal safety features.,Compliance Conflict
The vehicle must follow EPA standards.,The bike must use a high-power gas engine.,Compliance Conflict
The bike must adhere to lighting laws.,The vehicle must offer switchable lights.,Compliance Conflict
The vehicle must include side-impact airbags.,The bike must weigh under 130 kg.,Safety Conflict
The bike must have ABS brakes.,The vehicle must be ultra-lightweight.,Safety Conflict
The vehicle must feature a roll cage.,The bike must maintain a slim profile.,Safety Conflict
The bike must include a crash sensor system.,The vehicle must minimize weight.,Safety Conflict
The vehicle must have reinforced bumpers.,The bike must be compact.,Safety Conflict
The bike must use a sturdy steel frame.,The vehicle must weigh under 140 kg.,Safety Conflict
The vehicle must include emergency braking.,The bike must prioritize low weight.,Safety Conflict
The bike must have a helmet lock system.,The vehicle must avoid added components.,Safety Conflict
The vehicle must feature a stability control.,The bike must be lightweight.,Safety Conflict
The bike must include a tire pressure monitor.,The vehicle must reduce mass.,Safety Conflict
"The bike must cost under $1,200.",The vehicle must include a digital dashboard.,Cost Conflict
The vehicle must use premium alloy wheels.,"The bike must stay under $2,000.",Cost Conflict
The bike must have a luxury paint finish.,The vehicle must be budget-friendly.,Cost Conflict
The vehicle must include adaptive headlights.,"The bike must cost below $1,500.",Cost Conflict
The bike must use high-end shock absorbers.,The vehicle must be low-cost.,Cost Conflict
The vehicle must have a custom exhaust.,"The bike must stay under $1,800.",Cost Conflict
The bike must include a leather seat.,The vehicle must be affordable.,Cost Conflict
The vehicle must feature a premium sound system.,"The bike must cost under $2,500.",Cost Conflict
The bike must have a titanium frame.,The vehicle must minimize production costs.,Cost Conflict
The vehicle must include a navigation system.,"The bike must be priced under $1,000.",Cost Conflict
The vehicle must have a 350 km electric range.,The bike must use a small battery pack.,Battery Conflict
The bike must charge to 80% in 20 minutes.,The vehicle must use a lightweight battery.,Battery Conflict
The vehicle must include a high-capacity battery.,The bike must fit a compact design.,Battery Conflict
The bike must offer 400 km range.,The vehicle must minimize battery size.,Battery Conflict
The vehicle must support fast charging.,The bike must use a slim battery.,Battery Conflict
The bike must have a 300 km range.,The vehicle must reduce battery weight.,Battery Conflict
The vehicle must use a long-life battery.,The bike must have a small footprint.,Battery Conflict
The bike must include a swappable battery.,The vehicle must limit battery space.,Battery Conflict
The vehicle must offer 250 km range.,The bike must use a minimal battery.,Battery Conflict
The bike must charge in 15 minutes.,The vehicle must have a compact battery.,Battery Conflict
The vehicle must use eco-friendly materials.,The bike must have a 40 HP engine.,Environmental Conflict
The bike must minimize carbon emissions.,The vehicle must use a high-performance motor.,Environmental Conflict
The vehicle must be fully recyclable.,The bike must include a powerful gas engine.,Environmental Conflict
The bike must meet green certification.,The vehicle must prioritize speed.,Environmental Conflict
The vehicle must reduce emissions.,The bike must have a turbocharged engine.,Environmental Conflict
The bike must use biodegradable plastics.,The vehicle must deliver 35 HP.,Environmental Conflict
The vehicle must follow eco standards.,The bike must use a loud exhaust.,Environmental Conflict
The bike must have zero-emission tech.,The vehicle must prioritize power output.,Environmental Conflict
The vehicle must use sustainable fuel.,The bike must reach 180 km/h.,Environmental Conflict
The bike must minimize environmental impact.,The vehicle must have a 30 HP engine.,Environmental Conflict
The vehicle must use a rigid aluminum frame.,The bike must weigh under 120 kg.,Structural Conflict
The bike must have a reinforced chassis.,The vehicle must be lightweight.,Structural Conflict
The vehicle must include a steel roll bar.,The bike must stay under 110 kg.,Structural Conflict
The bike must use a durable composite body.,The vehicle must reduce weight.,Structural Conflict
The vehicle must have a solid frame design.,The bike must weigh under 130 kg.,Structural Conflict
The bike must include a heavy-duty chassis.,The vehicle must be light.,Structural Conflict
The vehicle must use a thick steel structure.,The bike must minimize weight.,Structural Conflict
The bike must have a robust frame.,The vehicle must weigh under 140 kg.,Structural Conflict
The vehicle must include a reinforced body.,The bike must be ultra-light.,Structural Conflict
The bike must use a strong alloy frame.,The vehicle must stay under 150 kg.,Structural Conflict
The vehicle must have adjustable cushioned seats.,The bike must minimize power usage.,Comfort Conflict
The bike must include a climate-controlled cabin.,The vehicle must reduce energy draw.,Comfort Conflict
The vehicle must offer a plush interior.,The bike must use a low-power system.,Comfort Conflict
The bike must have ergonomic handlebars.,The vehicle must avoid extra power needs.,Comfort Conflict
The vehicle must include a heated steering wheel.,The bike must conserve battery.,Comfort Conflict
The bike must offer a soft suspension.,The vehicle must limit energy use.,Comfort Conflict
The vehicle must have luxury upholstery.,The bike must reduce power consumption.,Comfort Conflict
The bike must include padded grips.,The vehicle must optimize efficiency.,Comfort Conflict
The vehicle must offer a quiet ride.,The bike must minimize electrical load.,Comfort Conflict
The bike must have a reclining seat.,The vehicle must save energy.,Comfort Conflict
The vehicle must use a diesel engine.,The bike must have a 200 km electric range.,Power Source Conflict
The bike must be fully electric.,The vehicle must use a gasoline motor.,Power Source Conflict
The vehicle must run on hybrid power.,The bike must be purely gas-powered.,Power Source Conflict
The bike must use a fuel cell system.,The vehicle must rely on a petrol engine.,Power Source Conflict
The vehicle must have an electric motor.,The bike must use diesel fuel.,Power Source Conflict
The bike must run on battery power.,The vehicle must use a combustion engine.,Power Source Conflict
The vehicle must be hydrogen-powered.,The bike must use gasoline.,Power Source Conflict
The bike must have a plug-in electric system.,The vehicle must use a diesel motor.,Power Source Conflict
The vehicle must use a dual-fuel system.,The bike must be electric-only.,Power Source Conflict
The bike must rely on solar charging.,The vehicle must use a gas engine.,Power Source Conflict
The vehicle must offer a 7-year warranty.,The bike must use cheap plastic parts.,Reliability Conflict
The bike must last 15 years.,The vehicle must use low-durability materials.,Reliability Conflict
The vehicle must have a robust engine.,The bike must use disposable components.,Reliability Conflict
"The bike must ensure 100,000 km lifespan.",The vehicle must cut material costs.,Reliability Conflict
The vehicle must be highly durable.,"The bike must use lightweight, weak parts.",Reliability Conflict
The bike must have a reliable battery.,The vehicle must use low-cost cells.,Reliability Conflict
The vehicle must withstand harsh conditions.,The bike must use budget materials.,Reliability Conflict
The bike must offer long-term reliability.,The vehicle must reduce part quality.,Reliability Conflict
The vehicle must have a 5-year guarantee.,The bike must use short-life plastics.,Reliability Conflict
The bike must ensure engine longevity.,The vehicle must use low-grade steel.,Reliability Conflict
The vehicle must support multiple configurations.,The bike must weigh under 110 kg.,Scalability Conflict
The bike must allow modular upgrades.,The vehicle must be ultra-light.,Scalability Conflict
The vehicle must offer expandable features.,The bike must minimize weight.,Scalability Conflict
The bike must support add-on accessories.,The vehicle must stay under 120 kg.,Scalability Conflict
The vehicle must have a scalable platform.,The bike must reduce mass.,Scalability Conflict
The bike must allow future expansions.,The vehicle must be lightweight.,Scalability Conflict
The vehicle must support variant designs.,The bike must weigh under 130 kg.,Scalability Conflict
The bike must have a flexible chassis.,The vehicle must limit weight.,Scalability Conflict
The vehicle must offer upgrade options.,The bike must stay under 140 kg.,Scalability Conflict
The bike must support scalability.,The vehicle must be compact.,Scalability Conflict
The vehicle must have a GPS tracking system.,The bike must use a basic lock.,Security Conflict
The bike must include an alarm system.,The vehicle must avoid electronics.,Security Conflict
The vehicle must use a smart key.,The bike must have a manual ignition.,Security Conflict
The bike must feature remote locking.,The vehicle must use a simple key.,Security Conflict
The vehicle must have an anti-theft device.,The bike must minimize tech.,Security Conflict
The bike must use a fingerprint scanner.,The vehicle must be low-tech.,Security Conflict
The vehicle must include a security camera.,The bike must avoid complexity.,Security Conflict
The bike must have a theft alert system.,The vehicle must use basic security.,Security Conflict
The vehicle must feature a coded lock.,The bike must use a standard key.,Security Conflict
The bike must include a tracking chip.,The vehicle must be simple.,Security Conflict
The vehicle must have an intuitive voice control.,The bike must use manual controls only.,Usability Conflict
The bike must feature a digital interface.,The vehicle must be mechanically simple.,Usability Conflict
The vehicle must offer a heads-up display.,The bike must avoid screens.,Usability Conflict
The bike must have automated gear shifting.,The vehicle must use a manual system.,Usability Conflict
The vehicle must include a touch panel.,The bike must prioritize simplicity.,Usability Conflict
The bike must offer a smart dashboard.,The vehicle must use analog gauges.,Usability Conflict
The vehicle must have a user-friendly app.,The bike must avoid connectivity.,Usability Conflict
The bike must include a navigation screen.,The vehicle must be basic.,Usability Conflict
The vehicle must feature auto-adjust seats.,The bike must use fixed seating.,Usability Conflict
The bike must have a customizable UI.,The vehicle must stay simple.,Usability Conflict
"The vehicle must need service every 25,000 km.",The bike must use a high-maintenance engine.,Maintenance Conflict
The bike must have a self-repairing tire system.,The vehicle must require frequent checks.,Maintenance Conflict
The vehicle must last 5 years without service.,The bike must use a complex motor.,Maintenance Conflict
The bike must need minimal upkeep.,The vehicle must include intricate parts.,Maintenance Conflict
The vehicle must have a low-maintenance design.,The bike must use a hybrid system.,Maintenance Conflict
"The bike must require service every 30,000 km.",The vehicle must have a delicate engine.,Maintenance Conflict
The vehicle must avoid regular maintenance.,The bike must use high-wear components.,Maintenance Conflict
The bike must have a durable finish.,The vehicle must need constant care.,Maintenance Conflict
The vehicle must use long-life parts.,The bike must require frequent repairs.,Maintenance Conflict
The bike must minimize service needs.,The vehicle must use fragile tech.,Maintenance Conflict
The vehicle must weigh under 110 kg.,The bike must include a heavy battery.,Weight Conflict
The bike must stay under 120 kg.,The vehicle must use a steel frame.,Weight Conflict
The vehicle must be ultra-light at 100 kg.,The bike must have a large fuel tank.,Weight Conflict
The bike must weigh under 130 kg.,The vehicle must include a robust chassis.,Weight Conflict
The vehicle must minimize weight to 140 kg.,The bike must use a heavy motor.,Weight Conflict
The bike must be under 150 kg.,The vehicle must have a reinforced body.,Weight Conflict
The vehicle must weigh under 115 kg.,The bike must include extra storage.,Weight Conflict
The bike must stay light at 125 kg.,The vehicle must use a solid frame.,Weight Conflict
The vehicle must be under 135 kg.,The bike must have a big battery.,Weight Conflict
The bike must weigh under 145 kg.,The vehicle must include a heavy suspension.,Weight Conflict
The vehicle must launch in 4 months.,The bike must pass rigorous testing.,Time-to-Market Conflict
The bike must be ready in 6 months.,The vehicle must meet new safety laws.,Time-to-Market Conflict
The vehicle must hit the market in 8 months.,The bike must undergo long trials.,Time-to-Market Conflict
The bike must launch in 5 months.,The vehicle must certify emissions.,Time-to-Market Conflict
The vehicle must be out in 7 months.,The bike must complete durability tests.,Time-to-Market Conflict
The bike must launch in 9 months.,The vehicle must pass crash tests.,Time-to-Market Conflict
The vehicle must be ready in 3 months.,The bike must meet strict standards.,Time-to-Market Conflict
The bike must hit stores in 10 months.,The vehicle must finish R&D.,Time-to-Market Conflict
The vehicle must launch in 12 months.,The bike must pass global regs.,Time-to-Market Conflict
The bike must be out in 11 months.,The vehicle must test extensively.,Time-to-Market Conflict
The vehicle must use USB-C charging.,The bike must support legacy ports.,Compatibility Conflict
The bike must integrate with Android Auto.,The vehicle must use iOS only.,Compatibility Conflict
The vehicle must support universal tires.,The bike must use custom wheels.,Compatibility Conflict
The bike must use a standard battery.,The vehicle must have a unique pack.,Compatibility Conflict
The vehicle must work with old accessories.,The bike must use new tech.,Compatibility Conflict
The bike must support Bluetooth 5.0.,The vehicle must use Bluetooth 4.0.,Compatibility Conflict
The vehicle must use a common charger.,The bike must have a proprietary plug.,Compatibility Conflict
The bike must fit standard racks.,The vehicle must use custom mounts.,Compatibility Conflict
The vehicle must support open-source software.,The bike must use closed systems.,Compatibility Conflict
The bike must use universal connectors.,The vehicle must have unique ports.,Compatibility Conflict
The vehicle must have a sleek modern look.,The bike must use a boxy frame.,Aesthetic Conflict
The bike must feature a vintage style.,The vehicle must be aerodynamic.,Aesthetic Conflict
The vehicle must use sharp angular lines.,The bike must have a rounded design.,Aesthetic Conflict
The bike must have a minimalist look.,The vehicle must include ornate details.,Aesthetic Conflict
The vehicle must feature a retro finish.,The bike must optimize airflow.,Aesthetic Conflict
The bike must use a bold color scheme.,The vehicle must be subtle.,Aesthetic Conflict
The vehicle must have a futuristic design.,The bike must look classic.,Aesthetic Conflict
The bike must feature chrome accents.,The vehicle must be streamlined.,Aesthetic Conflict
The vehicle must use a matte finish.,The bike must have glossy paint.,Aesthetic Conflict
The bike must have a rugged aesthetic.,The vehicle must be sleek.,Aesthetic Conflict
The vehicle must have a quiet electric motor.,The bike must produce a loud roar.,Noise Conflict
The bike must meet silent operation standards.,The vehicle must have a sport exhaust.,Noise Conflict
The vehicle must reduce noise to 50 dB.,The bike must sound aggressive.,Noise Conflict
The bike must operate silently.,The vehicle must use a noisy engine.,Noise Conflict
The vehicle must comply with 60 dB limits.,The bike must have a bold sound.,Noise Conflict
The bike must be noise-free.,The vehicle must feature a loud muffler.,Noise Conflict
The vehicle must minimize sound output.,The bike must enhance exhaust noise.,Noise Conflict
The bike must stay under 55 dB.,The vehicle must sound powerful.,Noise Conflict
The vehicle must use a silent system.,The bike must have a deep tone.,Noise Conflict
The bike must meet quiet zone rules.,The vehicle must amplify sound.,Noise Conflict
The vehicle must include a unique logo.,The bike must reduce branding costs.,Other Conflict
The bike must offer custom decals.,The vehicle must keep production simple.,Other Conflict
The vehicle must have a special edition trim.,The bike must stay low-cost.,Other Conflict
The bike must include a rare feature.,The vehicle must avoid extras.,Other Conflict
The vehicle must use a distinct color.,The bike must use standard paint.,Other Conflict
The bike must have a limited-run design.,The vehicle must be mass-produced.,Other Conflict
The vehicle must offer a niche accessory.,The bike must cut costs.,Other Conflict
The bike must include a bespoke part.,The vehicle must simplify assembly.,Other Conflict
The vehicle must have a custom interior.,The bike must reduce expenses.,Other Conflict
The bike must feature a signature look.,The vehicle must be generic.,Other Conflict
